{"cameraMode":{"drawMode":0,"name":"Shaded","section":"Shading Mode"},"sceneLighting":false,"audioPlay":false,"sceneViewState":{"showFog":true,"showMaterialUpdate":false,"showSkybox":true,"showFlares":true,"showImageEffects":true,"showParticleSystems":true},"in2DMode":false,"pivot":{"x":0.2227473258972168,"y":0.41381728649139407,"z":1.9046671390533448},"rotation":{"x":-0.13238537311553956,"y":0.7528070211410523,"z":-0.15952178835868836,"w":-0.6247467398643494},"size":4.041658401489258,"orthographic":false}