{"cameraMode":{"drawMode":0,"name":"Shaded","section":"Shading Mode"},"sceneLighting":false,"audioPlay":false,"sceneViewState":{"m_AlwaysRefresh":false,"showFog":true,"showSkybox":false,"showFlares":true,"showImageEffects":true,"showParticleSystems":true,"showVisualEffectGraphs":true,"m_FxEnabled":true},"in2DMode":false,"pivot":{"x":-0.005298614501953125,"y":-3.725290298461914e-8,"z":-0.10961094498634339},"rotation":{"x":0.12625546753406526,"y":0.7611727118492127,"z":-0.15579873323440553,"w":0.6167847514152527},"size":0.13268858194351197,"orthographic":false}