{"cameraMode":{"drawMode":0,"name":"Shaded","section":"Shading Mode"},"sceneLighting":false,"audioPlay":false,"sceneViewState":{"m_AlwaysRefresh":false,"showFog":true,"showSkybox":false,"showFlares":true,"showImageEffects":true,"showParticleSystems":true,"showVisualEffectGraphs":true,"m_FxEnabled":true},"in2DMode":false,"pivot":{"x":1.4000998735427857,"y":-0.5764132738113403,"z":-0.21425220370292664},"rotation":{"x":-0.01805952377617359,"y":0.6110652089118958,"z":-0.013930271379649639,"w":-0.7912652492523193},"size":0.9247449040412903,"orthographic":false}